Company,Keyword,Mention_Count,Avg_AI_Confidence,Context_Snippet
Ahold Delhaize,Scope 3,1,0.9992," annual cash incentives to be paid in 2026, subject to shareholder approval of the 2025 focusing on scope 3 GHG emissions reduction. This has guided our great local brands and financial statements. 2. The 20"
Ahold Delhaize,Scope 3,1,0.9983," the Committee was appreciated the frequency of meetings and significant attention to the design of scope 3 topics, and guidance on continuing to kept up to date on relevant matters in the the level of infor"
Ahold Delhaize,Scope 3,1,0.9704,"Environmental: climate continued Climate change continued Value chain (scope 3) Since we set our scope 3 targets, our Key priorities and levers Agricultural practices lever: Most"
Ahold Delhaize,Scope 3,1,0.9741,"acts than animal-based Belgrade – that aims to achieve zero pesticide proteins; see Climate change: scope 3 key The Roundtable on A global partnership promoting sustainable palm oil production, residue produ"
Ahold Delhaize,Scope 3,1,0.9979,"convenient for them, we are growing our enhance our European retail media ad platform validated our scope 3 greenhouse gas (GHG) omnichannel solutions – our key differentiator. and bring it over to the U.S. "
Ahold Delhaize,Scope 3,1,0.9986,"d, in Europe, we plan and in Digital and Technology. Advancing in these Focus on our people address scope 3 emissions. These efforts support long-term business resilience and to remodel 240 stores in 2026. t"
Ahold Delhaize,Scope 3,1,0.9974,ss will require industry change buying decisions. This includes stimulating and Collecting accurate scope 3 data remains (including bovaer and red algae) to reduce and the ability to bring stakeholders acros
JDE Peet's,Scope 3,1,0.9925," scale without and CADBURY®, two of its most popular drinks thereby supporting progress towards our Scope 3 compromising the consumer experience and product To reflect this complexity, we’ve refined the scop"
JDE Peet's,Scope 3,1,0.9184,"a study on we work to develop programmes designed to improve As our suppliers are a key part of our Scope 3 value distribution and return on household labour, access to services and resources that can streng"
JDE Peet's,Scope 3,1,0.9853,both 1.5°C and 4°C purpose and future value creation. Our approach is • Commit to reducing absolute Scope 3 (industrial TRANSITION PLAN scenarios to represent the full breadth of possible unified under our C
JDE Peet's,Scope 3,1,0.9757,"spatial data to assess regional climate risk impacted. In a 4°C scenario – in other words, strong • Scope 3: Addressing the coffee value chain, which and associated transition plans, the following policies u"
Royal FrieslandCampina NV,Scope 3,1,0.975,"also held on the water roadmap, social H.W.J. Schipper 5/7 5/5 sustainability and the reduction of ‘Scope 3 other’ greenhouse gas emissions. The scores M. Vaesen 10/12 3/3 and an update of the sustainability"
